Page ID,Page name,Disclaimer,Amount spent (TRY),Number of ads in Library
344704883576,Recep Tayyip Erdoğan,Recep Tayyip Erdoğan,711739,34
1160506840785202,Murat Kurum,Murat Kurum,397998,23
101726388406507,Tabuta Sığmayanlar,Tabuta Sığmayanlar,303883,13
111436922211991,AK Parti İstanbul,AK Parti İstanbul İl Başkanlığı,284602,5
141870402543282,AK Parti,Ak Parti,198672,12
158829607558395,Milliyetçi Hareket Partisi (MHP),Milliyetçi Hareket Partisi (MHP),157221,69
102095934751904,Deva Partisi,Deva Partisi,94894,14
2281400925408962,Türkiye'ye Sahip Çık,Türkiye'ye Sahip Çık,84580,2
176338225842984,Yeşil Sol Parti,Yeşil Sol Parti,82272,22
497191817041688,Erdoğan Gönüllüleri,Woo Medya ve Organizasyon Ltd Şti,80515,100
144295649058307,Ekrem İmamoğlu,Ekrem İmamoğlu,73602,34
462963834529864,Levent Uysal,Levent Uysal,62527,9
101490908746353,Zafer Partisi,Zafer Partisi,56697,8
76599755300,Kemal Kılıçdaroğlu,Kemal Kılıçdaroğlu,55778,37
510344522371733,Oy ve Ötesi,Oy ve Ötesi,52928,81
106187277979172,Dijital Gaste,Veysel Karahan,43526,7
294889615437,Sinan Oğan,Sinan Oğan,37339,6
100431406701471,Internethaber,Internethaber,33139,8
107621395263001,Bilge Yılmaz,Bilge Yılmaz,33114,6
1930475813747433,Anket Araştırma Merkezi,Anket Araştırma Merkezi,32377,5
1652655528320877,Emre Yılmaz,Emre Yılmaz,31744,10
655349114629011,Av. Ece Güner,Av. Ece Güner,30875,5
100308889524493,Türkiye Yüzyılı,Arda Akın,30690,35
804210899660885,Ahmet Katar,Ahmet Katar,29638,36
100474483029551,Trabzon için Hemen Şimdi,Adil Çözüm,20562,17
1424394931135090,AK Parti Samsun İl Başkanlığı,Betul Zer,19459,7
255623134454073,Veli Ağbaba,Veli Ağbaba,19360,11
289270345073936,İsmail Hakkı Bakır,İsmail Hakkı Bakır,17993,11
1807684336017268,Rıdvan Eşin,Gökhan Öztürk,17697,6
1414815935509791,MHP Kayseri Milletvekili Baki Ersoy,Latif Ersoy,17544,17
180404128680446,Dr. Şadi YAZICI,Dr. Şadi YAZICI,16710,8
32148298385,Prof.Dr.Numan Kurtulmuş,Numan Kurtulmuş,14952,1
101316846258251,İbrahim Şenel,Ibrahim Şenel,14149,27
500796300357232,Turgay Baştuğ,Milliyetçi Hareket Partisi Ankara İl Başkanlığı,12211,72
533617450479963,İdris Naim ŞAHİN,İdris Naim ŞAHİN,12093,3
100675732413915,Anketci.Net,Anketci.Net,10747,4
928921137187670,ALİ UÇAK,Volkan Erel,10700,8
209175722605698,Saffet Sancaklı,Saffet Sancaklı,10057,24
528071707564813,Uğurhan Tiryaki,Uğurhan Tiryaki,9848,12
103965639335616,Var mısın Antalya?,Faruk Islek,9479,3
851556338241562,Ayşen Kurt,Ayşen Kurt,9387,9
110222395380504,Vedat Necmettin Arslanoğlu,Vedat Necmettin Arslanoğlu,8847,4
787833781580301,Kim Kimdir?,Adem Demirkol,8834,10
118252304569567,Ahmet Baran Yazgan,Serkan Yanıkses,7757,66
1572930319495249,Türkiye İşçi Partisi,Türkiye İşçi Partisi,7397,16
108107585034488,Bahadır Erdem,Bahadır Erdem,7074,5
100345912204104,Nuri Cengiz,Cumhuriyet Halk Partisi,7025,15
378633122196492,Lutfullah Kayalar,Serhan Kayalar,6866,21
157546860961156,Turgut ÖKER,Turgut ÖKER,6684,1
114651884945940,Zafer Partisi Aydın 1. Sıra Milletvekili Adayı Seray Ünbay,Sensin Kumcuoğlu,6499,3
113823067080077,DEVA Partisi Sivas İl Teşkilatı,Taha Kutlu Çevik,6373,25
1530042407026184,Murat ŞAHİN,Murat ŞAHİN,6354,6
326363220894548,Nail Çiler,Nail Çiler,5956,16
564235557361448,Gönül Adamı,Gönül Adamı,5901,5
105930572489375,Mehmet Ali Karamemiş Çankırı Milletvekili Adayı,Mehmet Ali Karamemiş,5605,11
255216477892758,CHP Ankara İl Başkanlığı,Anıl Can Arslan,5598,16
191902777500324,OTAG TV,Levent Açıkgöz,5465,11
105724511499805,Yeniden Refah Partisi,Yeniden Refah Partisi,5325,82
115647918164842,İbrahim Arslan,İbrahim Arslan,5095,3
392491680944925,Mevlüt Çavuşoğlu,Mevlüt Çavuşoğlu,5031,7
118519987873082,Nebi Hatipoğlu,Orangefox Agency,4954,7
235663323857026,Mehmet Taytak,Mehmet Taytak,4934,7
105915341216004,Mesut Nur,Mesut Nur,4908,13
674523449330207,Yavuz Aydın,Yavuz Aydin,4908,37
216834679120425,Müsavat Dervişoğlu - İYİ Parti,Müsavat Dervişoğlu - İYİ Parti,4908,3
117364971317866,İbrahim BAĞ - MHP Bilecik Milletvekili Adayı,İbrahim Bağ,4908,8
105372312520215,Levent Yenilmez - Şanlıurfa Bağımsız Milletvekili Adayı,Levent Yenilmez,4908,13
116867964704909,Av.Ufuk Kanışkan,Ahmet Özer Esgin,4866,6
105901224845036,Dr. Sezgin Mumcu,Promoyol,4708,1
783458291750944,Ahmet Ersen Özsoy,Ahmet Ersen Özsoy,4670,7
206541136053869,Behçet SAATCI,Behçet Saatcı,4596,6
116789744737736,Fakibaba2023,Ahmet Eşref Fakıbaba,4482,1
826962830994576,Ethem Karahan,Ethem Karahan,4466,13
109797878715416,Av. Mustafa ABAK,Ali Çakmakcı,4455,7
120114614397446,Kübra Dursun,Sinan Ergül,4448,8
114663754929212,Av. Seyit Özcan,av seyit özcan,4400,8
120679647668758,Trabzon - Millet İttifakı Cumhurbaşkanlığı Seçim Koordinasyon Merkezi,İlker Akinci,4333,2
110471555281943,Poddy Türkiye,Poddy Türkiye,4325,6
1622164058014589,Mestan Özcan,OPTİMUM MEDYA VE REKLAM TANITIM HİZMETLERİ A.Ş,4137,19
163862207788753,Muhammed Levent Bülbül,Hasan Sağlam,4082,9
2300970773481796,Alaattin ÇAKIR,Alaattin Çakır,4036,8
109407151806354,İsmail İnlidere,İsmail İnlidere,4032,12
103452022713912,Tahsin Becan,Tahsin Becan,3898,8
117003777970577,Emrah Emrali Ak Parti Çorum Milletvekili A. Adayı,Burak Yıldırım,3840,4
503207923065874,45 HABER,Deniz Guner,3733,8
1424394931135090,AK Parti Samsun İl Başkanlığı,AK Parti Samsun İl Başkanlığı,3723,18
100961656309902,Bağımsız Milletvekili Fatih Gür,FATİH GÜR İNŞAAT VE TİC.LTD.ŞTİ,3682,19
103728271055286,Selçuk Kılıçaslan,Selcuk Kilicaslan,3657,6
319726958236378,Turan Yaldır,Turan Yaldır,3640,17
525541627547156,Süper Haber,Süper Haber,3639,5
105048025902614,Ahmet Fethan Baykoç,Woo Medya ve Organizasyon Ltd Şti.,3599,15
321011291264753,İsmail Özdemir,Milliyetçi Hareket Partisi,3578,4
101519926236417,Mustafa Akın,Mustafa Akın,3569,17
111743906915630,Ekrem Gökay Yüksel,Ekrem Gökay Yüksel,3561,30
115213624871864,Bahadır Bumin Özarslan,Halil Ibrahim Yilmaz,3484,21
772187612859346,Erkan Haberal,Erkan Haberal,3456,4
2349136915368127,Yiğit Karakış,Yiğit Karakış,3444,4
575755372513811,Muhittin Böcek,Antalya Büyükşehir Belediyesi,3410,13
122362084136699,evrimbalbaloglu,Evrim Balbaloglu,3386,3
1002521723283648,Ayhan Kınden,Ayhan Kınden,3256,9
111579745240906,Turan Yıldırım,Turan Yıldırım,3237,25
103700291606228,Doğa Şanlıoğlu,Doğa Şanlıoğlu,3228,39
102759276133977,Sema Silkin Ün,Sema Silkin Ün,3192,9
107487660764415,Hasan Ekici,Bekir Karakuş,3161,4
241622166030816,Milli Mücadele,Milli Mücadele,3135,7
425757864244456,Süleyman Karaman,Ali Umar,3086,7
219895681531374,İbrahim Ethem Sedef,Kenan Filik,3004,13
2120953421492585,Oğuz Yılmaz Sosyal Medya Sayfası,Oğuz Yılmaz Sosyal Medya Sayfası,2936,13
107391181880678,Uzm. Dr. İrfan Karatutlu,Uzm. Dr. İrfan Karatutlu,2909,16
625595944453722,Ali Abbas Ertürk,Ali Abbas Erturk,2900,9
608372546191157,Şahin Gürz,Şahin Gürz,2878,4
210993622366044,TVNET,TVNET,2829,17
161063617352762,AK Parti Zonguldak İl Başkanlığı,AK Parti Zonguldak İl Başkanlığı,2825,8
196374208371,ALİ KESKİNKILIÇ,Ali Keskinkılıç,2817,6
111917151872313,Ergün Tekin,Ergün Tekin,2805,4
589313961445602,Dr. Osman Berke Duvan CHP Adana Milletvekili Adayı,Dr. Osman Berke Duvan CHP Adana Milletvekili Adayı,2773,18
117756791242075,Arif Ataman - Artvin Bağımsız Milletvekili Adayı,Arif Ataman,2764,14
451783681662191,Ali Özkaya,Ali Özkaya,2724,4
104606505943488,Bilal Bilici,Bilal Bilici,2704,5
106534895734837,Mehmet Emin Önal,Mehmet Emin Önal,2702,17
72489021761,SOL Parti,SOL Parti,2698,5
1998130653848755,Ramazan Kaşlı  MHP Aksaray Milletvekili,Ramazan Kaşlı  MHP Aksaray Milletvekili,2692,32
113851270433840,Türkiye İşçi Partisi-Antalya,Eylem Karaman,2542,5
209551323166401,SELİM ÇAKIR,SELİM ÇAKIR,2529,15
723113807768777,Hasan Eryılmaz,Deniz Guner,2515,8
105440405886851,,Ortakfikir Bilgi Teknolojileri,2514,4
109927550576204,ozayrdvn,ozayrdvn,2510,13
105051945092974,Memleket Partisi,Mustafa Çağlayan,2450,15
1888315527892346,İbrahim Yurdunuseven,Oktay Yuksel,2417,9
624904481498449,Naci Şanlıtürk,Naci Şanlıtürk,2415,2
117332004664282,Ali Selman IŞIK Niğde Millet Vekili,Ali Selman Işik,2378,15
231970217587294,Hasan Basri Sönmez,Hasan Basri Sönmez,2356,2
311773282279653,Uşak Haber,Kenan Arslan,2343,16
877839188967827,Büyük Türkiye,Büyük Türkiye,2340,1
101495115896210,Abdullah Özdemir,Abdullah Özdemir,2333,1
565932723518076,MHP Balıkesir İl Başkanlığı,Enes Güngör,2298,25
120355487716346,Nur Tuğba Aktay,YUVEN Ajans,2286,1
116108505131797,İsmail Erdem,İsmail Erdem,2270,6
234270976646888,Fatih Erbakan,Fatih Erbakan,2232,32
115455134844517,Seçkin Odabaşı,MHP,2184,6
144369108949589,Prof. Dr. Yasemin AÇIK,Prof. Dr. Yasemin AÇIK,2165,9
107233182319799,Hatice Yıldız,Ramazan Savaş,2156,8
1474211066185659,Mustafa Hamarat,Mustafa Hamarat,2103,12
426339260809702,Oğul Aktuna,Oğul Aktuna,2096,5
274475286702,Muharrem İNCE,Muharrem İNCE,2094,7
118280211237745,BBP Cengiz Bayar,Cengiz Bayar,2085,5
153092148868180,Ayşe Sibel Yanıkömeroğlu,Ayşe Sibel Yanıkömeroğlu,2070,2
111328568600829,Ahmet Örnekbaş,Ahmet Örnekbaş,2065,5
107751535652802,,Yahya Çelik,2011,2
109693438663597,Maraş Haber Özel,Maraş Haber Özel,2000,1
111499880433378,Abdülkadir ADAR,Abdülkadir ADAR,1995,10
103342869403542,Sıtkı Keçeci MHP 28Dönem Çanakkale 1Sıra Mv.Adayı,Sıtkı Keçeci,1984,2
364129684334540,Yılmaz İLHAN,Yılmaz İLHAN,1963,9
1792973230726220,Prof.HasanKalyoncu,Rafet Ogeday Erdogan,1890,4
2304836466461167,Salim Çivitcioğlu,Salim Çivitcioğlu,1887,2
476701376080948,Tamer Osmanağaoğlu,Tamer Osmanağaoğlu,1848,3
213380598742595,Selahattin Demirtaş,Ragıp Incesağır,1837,15
110728302013791,Memleket Partisi Yalova Milletvekili Adayı Ertan Şener,Ertan Şener,1832,8
215083728682232,Yakup Otgöz,Yakup Otgoz,1824,2
877839188967827,Büyük Türkiye,Adem Demirkol,1820,1
103141042761034,Ferda Ertürk,Oktay Yuksel,1805,7
170296720302020,Necmettin ERKAN,OPTİMUM MEDYA VE REKLAM TANITIM HİZMETLERİ A.Ş,1801,10
905094682904884,Süleyman Soylu FAN,Süleyman Soylu FAN,1773,1
101412155815146,Seracettin Bedirhanoğlu,Seracettin Bedirhanoğlu,1760,11
100901992994052,İyi Parti Samsun,Suat Ortahisar,1760,8
117292434655657,Mehmet Kamil ŞİRİN,Nergiz Elmas Aydoğdu,1759,14
154267848761807,BBP Yaşar SAYAN,Büyük Birlik Partisi,1733,6
116356958083849,Prof. Dr. Abdurrahman BAKIR,Mehmet Gazi Arslan,1710,2
123509507310356,Orhun Ertürkmen,Orhun Ertürkmen,1702,5
639137022868421,Murat Özçelik,Murat Özçelik,1668,6
452645601857521,Sermet Atay,Sermet Atay,1658,4
111887268543713,Fatih Meşe,Abdürrahim Kır,1653,2
114109568315674,Ozan Bingöl,Ozan Bingöl,1649,4
104205562634100,Hakan Satılmış,Hakan Satılmış,1632,6
116851311391526,Erkan Sarmaşık,Erkan Sarmaşık,1631,6
103087702499272,Prof. Dr. Mustafa Araz,Prof. Dr. Mustafa Araz,1618,8
596449673702582,Gaziantep Büyükşehir Belediyesi,Gaziantep Büyükşehir Belediyesi,1615,10
109777492466397,CHP Antalya İl Başkanlığı,CHP Antalya İl Başkanlığı,1604,6
111019351810729,Bolu GençDEVA,Bolu gençDEVA,1599,3
252723995287282,Ali KEVEN,Recep Yilmaz,1583,15
101451778253942,Hilmi Durgun,Faruk Islek,1576,4
1407759386141852,Ahmet Akın,Ahmet Akın,1571,6
106257739113036,Yudum Kaşıkçı,Yudum Kaşıkçı,1570,30
119377904457065,Kayseri Bağımsız Milletvekili Adayı Emre Çakmakçi,Emre Çakmakçi,1554,6
562429187164086,Hilmi Türkmen,Üsküdar Belediyesi,1550,1
107672922316658,Mehmet Bağlar,Mesut Tugrul,1545,8
103751802710612,Sedat Kabay,Emre Yenmiş,1536,16
320343148103104,AK Parti Afyonkarahisar İl Başkanlığı,Oktay Yuksel,1505,5
105376981385020,Referandom,Referandom,1440,11
246451168813753,Yeniden Refah Partisi Çekmeköy İlçe Başkanlığı,Süfyan Ayyildiz,1439,4
950162258347563,Denizli Medya,Denizli Medya,1438,5
113488565046764,Av. Arslan Bolat,Av Arslan Bolat,1415,7
1589554544593671,Vatan Partisi İstanbul,Vatan Partisi İstanbul,1397,1
103774852713104,Engin Altay,These ads ran without a disclaimer,1395,1
191453580768,Yeni Şafak,Yeni Şafak,1379,2
100568266218274,Gençliğin Yüzleri,Gençliğin Yüzleri,1365,4
1437665699815071,Doğruluk Payı,Dogruluk Payı,1345,3
319026564921676,Vatan Partisi,Vatan Partisi,1330,7
821150371248664,Özgürlük Araştırmaları,Özgürlük Araştırmaları,1310,6
107821532289110,Aziz kalaycı,Ömer Yatkın,1309,6
788593847885854,Nermin Yıldırım KARA,Nermin Yıldırım Kara,1279,9
1507047782923237,MHP Ankara İl Başkanlığı,MHP Ankara İl Başkanlığı,1271,13
109530428771561,Ali Paşa Naipoğlu,Nergiz Elmas Aydoğdu,1241,10
104840189022177,nejdet.tiskaoglu,nejdet.tiskaoglu,1196,2
119169181123395,Evrim Balbaloğlu,Evrim Balbaloğlu,1186,1
1028368393892777,Mehmet Ali Özkan,Mehmet Ali ÖZKAN,1164,20
101086712307474,Zafer Partisi Antalya,Zafer Partisi Antalya,1157,4
101822149476901,Osmaniye Tarih Yazacak,Osmaniye Tarih Yazacak,1153,4
106484769092779,Mustafa Su,Mustafa Su,1147,4
2028274240749386,Celal Köse,Celal Köse,1146,11
111743571824100,Av. Filiz Tuğçe Ayrancı İplikçi,Deniz Guner,1135,3
1012521042161467,Saadet Partisi Antalya İl Başkanlığı,Saadet Partisi Antalya İl Başkanlığı,1133,2
115203036969497,Mehmet Yunus Seven,Mehmet Yunus Seven,1131,3
107071471602676,sma.nuhalperen,These ads ran without a disclaimer,1112,1
322080005282495,,Ahmet Beygirci,1110,4
203313693133528,samsunanaliz.com,Canan Yılmaz,1101,4
103332962391978,Mehmet Altınöz,MUSTAFA ÇALIŞKAN,1096,8
264481210814364,Göktürk Boyvadaoğlu,Göktürk Boyvadaoğlu,1092,2
1380594035550142,Aydınpost,AYDINPOST,1079,2
202069920361786,İYİ Parti Manisa İl Başkanlığı,İYİ Parti Manisa İl Başkanlığı,1064,1
1631624877069673,Selim Çakır,Selim Çakır,1062,7
106977872374373,İsmail Aybars AKSOY,Aybars Aksoy,1056,3
118016654594649,Seda KÂYA ÖSEN,Seda Kaya Ösen,1054,13
2055232158049015,Dr.Şahin Talus,Dr.Şahin Talus,1050,6
546697155416305,AK Parti Denizli İl Başkanlığı,AK Parti Denizli İl Başkanlığı,1048,9
112065760445212,Muhammed Aydoğar,Muhammed Aydoğar,1035,1
116363741448179,Av. Nurettin Alan,Nurettin Alan,1031,2
103452022713912,Tahsin Becan,Eylem Şen,1024,4
439673326110919,İlteriş Kağan Sıkıcıkoğlu,İlteriş Kağan Sıkıcıkoğlu,1013,14
103331031478719,Rıfat T. Nalbantoğlu,Rıfat T. Nalbantoğlu,1010,4
117364971317866,İbrahim BAĞ - MHP Bilecik Milletvekili Adayı,Semih Yavuz,1009,1
839363442860590,Dr. Mustafa Canbey,Mustafa Canbey,1006,6
104039202681868,Anıl Denizci,Kazım Sadıkoğlu,1001,1
1327777207261497,AK Parti Karabük İl Başkanlığı,AK Parti Karabük İl Başkanlığı,999,8
107056595666112,Hasan Ercüment Taşdemir CHP Antalya Milletvekili Adayı,Hasan Ercüment Taşdemir CHP Antalya Milletvekili Adayı,988,4
107814545646068,Bozkurt Bayram,Bayram Bozkurt,988,1
1540559519551922,Saruhan Oluç,Saruhan Oluç,988,9
118257014567473,Dr. Fatih Öztek,Mehmet Fatih Öztek,988,7
108220362243945,İbrahim Mermer,İbrahim Mermer,988,2
113018478455127,,Mehmet Ös,988,4
112192125157541,Ercan Öztürk,Ercan Öztürk,988,7
347332359224240,Mevlüt İnanç,Mevlüt İnanç,988,16
998645140157494,Çankırı Postası TV,Ercan Şeker,985,2
158077404753235,Çanakkale Zafer TV,Zafer Durmaz,985,26
105797409159485,Sururi Çorabatır,Sururi Çorabatır,982,21
120863254315010,,Hüseyin Eker,982,1
459374448202949,Doruk BULUT,Doruk Bulut,982,7
100964136258105,Erdoğan Çiftcioğlu,Erdoğan Çiftcioğlu,982,3
307374072686750,MHP Şanlıurfa İl Başkanlığı,MHP Şanlıurfa İl Başkanlığı,982,10
117369164656197,Mehmet Par,Mehmet Par,982,7
2074348739507719,Celil Çalış,Celil Çalış,982,5
267371006972545,Ali Adnan KAYA,Ali Adnan KAYA,982,13
118229034584834,Alptürk Kaya - Zafer Partisi,Alptürk Kaya,982,15
1538797929729690,Erkan Dönmez,Erkan Dönmez,982,4
104723235949178,Edip Eker,Edip Eker,982,4
100781266312487,Gülcan Kış,Gülcan Kış,982,22
111079321959977,Alperen Özmen,Alperen Özmen,982,14
101775612900057,Ömer Özmen,Ömer Özmen,982,1
101605686227473,Hakan Kuşçuoğlu,Hakan Kuşçuoğlu,982,8
103015499438790,Ahmet karkucak,Ahmet Karkucak,982,17
108167978922367,Arif Yılmaz,Arif Yılmaz,982,9
105136182583106,Suna Kepolu Ataman,Suna Kepolu Ataman,982,4
115820064815544,Üzeyir Tunç,Üzeyir Tunç,982,19
1520699578047794,Aylin Cesur,Aylin Cesur,982,10
1256361374466644,Osman Zabun,Osman Zabun,982,8
111091788630220,Aykut Kaya,Aykut Kaya,982,5
106365685235806,Muaz Ergezen,Muaz Ergezen,982,6
109389565473710,Anahtar Sende,Ahmet Asena,982,4
108091285256529,Ertuğrul KAYA,Ertuğrul KAYA,982,6
122089247452746,Osman Seçgin,Osman Avci,981,5
1600287556851102,İsmet AKIN,İsmet AKIN,980,2
106069795796596,Ali Acar,Ali Acar,971,1
101606388218807,Türkiye İşçi Partisi - Sakarya,Baha BÜÇGE,965,1
114357406669727,ABB TV,Antalya Büyükşehir Belediyesi,952,10
118609694529187,Gamze Fazlıoğlu Bozdemir,Toygar Azar,945,2
734572063273378,Dr. Mustafa KAYA,Mustafa Kaya,940,2
108784345527387,Hamza Buldu,Hamza Buldu,929,6
104288932664068,Eray Ertürk,Eray Ertürk,912,3
374547199341007,Emin ÇINAR,Emin Çınar,907,17
121496655382974,Burak Akburak,Burak Akburak,905,7
109698035438316,fatihhkayya,Fatih Kaya,904,2
526021844442630,İYİ Parti Denizli İl Başkanlığı,İYİ Parti Denizli İl Başkanlığı,901,2
106826915720130,Özgür Erdem İncesu,Gökay Şahindokuyucu,876,6
114587423307960,Mehmet Dutar,Mehmet Dutar,872,3
101266518683104,Büyük Birlik Partisi Erzurum İl Başkanlığı,Yakup Demir,863,3
461639080653445,Ayhan Gider,Ayhan Gider,856,23
100939478640264,Gazete Oksijen,Gazete Oksijen,855,1
426324184162531,Halil Aydoğdu,Halil Aydoğdu,841,1
105921002460174,Esra Kahraman Sönmez,Esra Kahraman,817,11
719183108201915,Abdullah AKIN,Oktay Aydın,807,2
117158094660203,Fahri Özkan,Fahri Özkan,792,11
2122382917784550,Şeref Albayrak Halfeti Belediye Başkanı,Şeref Albayrak Halfeti Belediye Başkanı,769,10
114267224969416,Mustafa Gökhan Ofluoğlu,murat gökhan ofluoğlu,767,6
105190591155430,Av. Turgay Sevindi,Turgay Sevindi,762,2
103906304319835,Özgür Bayraktar,Özgür Bayraktar,759,4
111753155224790,Av Mehmet Kırmacı,Mehmet Kırmacı,758,2
103285814499773,Hikmet Yalım Halıcı,Hikmet Yalım Halıcı,749,7
254110651270938,Mustafa DESTİCİ,Mustafa DESTİCİ,746,2
1402997246686822,PROF. DR. BİLAL ÇOBAN,PROF. DR. BİLAL ÇOBAN,732,2
100562259259829,Ümit Özlale,Ümit Özlale,726,1
805926876122264,Suat Özçağdaş,Suat Özçağdaş,724,7
102837382669095,İlker Yücel,Ilker Yücel,719,2
130103131910403,Kırşehir Hakimiyet,Kırşehir Hakimiyet,697,2
921794431315874,Berna SUKAS,Berna Sukas,695,4
172312959454958,Mustafa Sarıgül,Mustafa Sarıgül,693,2
115604964850526,Ferhat Salt,Ferhat Salt,692,5
111936101871596,Havva Sibel Söylemez,Havva Sibel Söylemez,690,1
108640498871482,Murat Aslanoğlu,Murat Aslanoğlu,685,11
337722134198223,Yaşar Yazici,yaşar yazıcı,681,3
115746114760205,av.aslansezgin,Aslan Sezgin,681,1
107381685008054,Adnan İncetoprak,Adnan İncetoprak,679,2
112704295135841,Hasan Yalçın,Advert Digital,675,11
220319391464566,Vahap Akay,Utku Yilmaz,672,2
113156030552997,Hüseyin Ceylan Uluçay,Hüseyin Ceylan Uluçay,672,3
2046352065625409,Adnan BEKER,Rolof,667,2
106201252468924,FATİH KAYA,Fatih Kaya,661,4
422728948538319,Recep Bakırcı,Hasan Fehmi Demir,655,1
100575676334753,Zeynel Korkmaz,Şamil Mehmet Korkmaz,654,1
268544196532365,Saadet Partisi İstanbul İl Başkanlığı,Saadet Partisi İstanbul İl Başkanlığı,652,1
105528367640729,Şanbaz Yıldız,Gamze Ozcan,644,9
125147680485982,Ecz. Özlem Ayrancı Nebioğlu,Özlem Ayrancı Nebioğlu,638,5
114723078258874,Köksal Tek,Köksal Tek,624,6
906394629482043,CHP Parti Okulu,CHP Parti Okulu,619,2
108217958917623,Muhammet Emin Avundukluoğlu,Fatih Canbolat,609,4
246776586058174,Eyyup Yıldız,Eyyup Yıldız,609,1
716478331717104,Aybars Şentürk,Aybars Şentürk,602,2
100183523065598,Mutlu Akkaya,Mutlu Akkaya,598,5
504901456292964,Tahsin Ocaklı,Tahsin Ocaklı,595,3
2222003764721494,Halit Doğan,Halit Doğan,588,3
2038469613118937,Mustafa Zavlak,Mustafa Zavlak,588,14
704507633271313,Bülent Şükrü Altınışık,Batuhan Efe Öner,582,7
112568164662067,Ümit Akkuş MemleketPartisi Nilüfer ilçe başkanı,Ümit Akkuş,578,2
114766951535202,Konur Alp Koçak,Konur Alp Koçak,576,2
104543862591659,Oğuz Kemal Yakar,Oguz Kemal Yakar,574,3
112566648474505,Osman YAMAN,Osman Yaman,569,2
107043192369545,h.ufukcakir,Hasan Ufuk Çakir,564,1
115790992165498,Rıdvan UZ - İYİ PARTİ,Ridvan Uz,563,6
110174325379019,Tarkan Kulak,Halil Şafak,562,3
229563724593,Davut Güloğlu,Davut Güloğlu,561,1
101972806210797,Beyhan Mutlu,Beyhan Mutlu,560,1
107716364514474,Özkan Yılmaz,Özkan Yılmaz,553,2
1557213001196129,Şener Pul,Şener Pul,552,2
118835537839543,Ruken Şahin Kilerci,Opinion Dijital Medya Ajansı,549,1
103138242771395,Yusuf Aydın,Omer Karakoc,549,2
101742219570110,Reis Reisoğlu,Servet Törer,546,11
265755167457983,Hüseyin Korkman,Hüseyin Korkman,546,2
175371979845873,NevinTaşlıçay,NevinTaşlıçay,541,3
104583269180967,Nusret Acur,Semih Çalışkan,537,5
109838461441668,Bülent bakış,Bülent Bakış,532,2
117386891345168,Önder Kahveci - MHP Ankara 1. Bölge Milletvekili Adayı,Abdulhakim Berkant Parlak,528,1
1657215431168321,Mustafa Gültak,Mustafa Gültak,524,1
304667116333911,Lütfü Türkkan,These ads ran without a disclaimer,519,1
100412193036473,,Pergel Dijital Medya,515,1
109839182079683,Yeşil Sol Batman,Yeşil Sol Parti Batman,514,1
119954074400240,Av. Seyit ÖZCAN,Seyit Özcan,509,2
343529639706033,Kalecikliler,Kalecikliler,508,2
1001476859872937,Atilla ZORLU,Atila Zorlu,504,2
813910878738510,CHP Gaziantep İl Başkanlığı,Servet Törer,500,18
162775624561503,Özlem URAL Milletvekilli 2. Sıra Adayı,ÖZLEM URAL,495,3
1426048174364088,Ali DEMİREL,Ali Demirel,494,7
119339141127823,Şeyhmus Göçmez,Şeyhmus Göçmez,494,3
714161348691623,Türker Yörükçüoğlu,Türker Yörükçüoğlu,493,16
116527871418570,Eray Yıldemir,Eray Yıldemir,493,2
114791788263474,Mimar Ali Çavuş,Ali Çavuş,493,2
115105344898359,BBP Tokat Milletvekili Adayı Halim Oktay Osmanoğlu,Halim Oktay Osmanoğlu,491,2
111452065252314,m.tamer.cantekin,M Tamer Cantekin,491,16
101689169594661,Selin Tozoglu,Selin Tozoğlu,489,2
113260031747640,Osman Çalışkan,Osman Çalışkan,489,3
200777693867783,HAKAN AK,Ali Er,486,2
355008318614782,Doç. Dr. Emin Serin,Ahmet Emin Serin,485,6
226198834257755,Türkiye İşçi Partisi MUĞLA,Türkiye İşçi Partisi MUĞLA,480,2
100227179744422,Kenan Doğan,Kenan Dogan,475,3
101579449561816,Harun ALGÜL,Harun Algül,463,4
111233088612610,Dursuncolak,Dursun Çolak,455,11
1576671292574889,Dr. Murat Cahid CINGI,Dr. Murat Cahid CINGI,454,2
107517299002511,Bahadır Şahin,Hasan Benzer,448,14
1389428918022204,Kanal 5 Türkiye,Kanal 5 Televizyon Radyo ve Yayıncılık A.Ş.,448,3
105403022557210,Ak Parti Muğla Milletvekili Adayı Eylem TAN,EYLEM TAN,447,8
191453580768,Yeni Şafak,Piri Medya Anonim Sirketi,444,1
109648772104972,NNC MEDYA I nnchaber.com.tr,Kağan Onaran,444,4
114168168328121,Mehmet Tahtasız,Mehmet Tahtasız,438,11
113027408315708,Herkes Duysun,Herkes Duysun,437,1
102441516113904,CHP Kilis İl Başkanlığı,Servet Törer,435,14
118738861159955,Ömer Keskin,Ömer Keskin,432,4
338793596222051,Aksaray Ülkü Ocakları,Aksaray Ülkü Ocakları,432,5
118887067843855,Mehmet Akif Zerdeci,Fırat Gezer,430,3
279716635770157,Doğrula Org,Doğrula Org,428,3
984877918214362,Samsun Haber,Samsun Haber,423,2
106152965715315,Ertuğrul Gazi Konal,Ertuğrul Gazi Konal,418,1
926221484135775,İlker Akıncı,İlker Akıncı,418,1
815048841929079,M. Ergün Turan,M. Ergün Turan,418,7
122654387479002,Sevda Karaca,Sevda Karaca Demir,418,2
1633758113519161,Deniz Depboylu,Deniz Depboylu,417,3
127443153589651,Hasan Demir,Hasan Demir,413,3
101493316279448,Derya Akdemir,Derya Akdemir,409,2
377634282278139,Büyük Birlik Partisi,Büyük Birlik Partisi Genel Merkezi,402,5
110399169038182,Etv Manisa,Erdinç Yayıncılık Tanıtım Reklam ve Organizasyon Hizmetleri Tic. San. AŞ.,399,3
118062247948032,,Ekrem Alfatlı,398,1
104082499351338,Ömer Turan,Servet Törer,396,4
1085757724915082,EHLİ REY,Murat Akgül,395,4
101949599355129,Bahadır Güler,Bahadır Güler,393,1
532775093532626,Yücel Bulut,Yucel Bulut,391,2
592271577467920,AK Parti Artvin İl Başkanlığı,AK Parti Artvin İl Başkanlığı,386,3
743101199403337,Balıkesir Teyit,These ads ran without a disclaimer,371,1
109527081813389,Gencay Özcan,Gencay Özcan,366,7
318614071672921,Mehmet Alagöz,Mehmet Alagöz,362,2
100457632875627,Ergin Arslan,Arslan Bilgi Teknolojileri Ltd Şti,360,6
252568965442843,Talat Dinçer,Talat Dinçer,359,6
105964842465200,Veteriner Hekim Ziya Yılmaz,Ziya Yılmaz,352,11
108616595463602,Büyük Birlik Partisi Aksu İlçe Başkanlığı,Gökhan Tonyalı,352,1
112401811809443,Milletvekili Adayı Sedat Kılınç,Halil Enes Alpay,349,1
574687779707417,Bolu Son Haber,Bolu Son Haber,348,2
511748452272603,Av. Halil Öztürk,Yahsi Media,346,1
117761694596567,Elif Kasap Öztürk,Elif Öztürk,345,3
459314071262613,Zeynettin Aydın,Zeynettin Aydın,344,4
598773393591385,Dr.Hakan Sunal,Hakan Sunal,340,6
125443057854939,Tolga Erener AK PARTİ Giresun Milletvekili Adayı,Tolga Erener AK PARTİ Giresun Milletvekili Adayı,338,9
115200872713381,Muzaffer Bıyık,Darıca Belediyesi,334,1
1640129972672216,Gökhan Yılmaz,Gökhan Yılmaz,327,2
119045737834039,Tülin Kececi Güngör,Tülin Keçeci Güngör,325,1
1573208652936912,Mustafa Erdem,Mustafa Erdem,320,10
457983201324467,Ahmet Ertürk Aydın Milletvekili Adayı,Ahmet Ertürk,317,2
101830629572358,MHP Edirne 1. Sıra Milletvekili Adayı,ALİ ÖZER,314,2
549579538907553,Erhan ÖZHAN I Bünyan I Kayseri,Erhan Ozhan,313,7
1485448038348994,Birol Aydın,Saadet İstanbul,309,2
419900781487701,dokuz8HABER,Huseyin Gokhan Bicici,309,1
598725973543356,CHP Antalya Gençlik Kolları,CHP Antalya Gençlik Kolları,309,1
125583954288495,AK Parti Manisa İl Başkanlığı,AK Parti Manisa İl Başkanlığı,304,4
979738848890749,Faruk Kılıç,Faruk Kilic,303,9
102998555482022,Mv. Mehmet AY,Servet Törer,302,4
102658277843483,İsa Yüksel,İsa Yüksel,299,3
122913140780979,,Aybars Şentürk,298,1
109212482156275,Bülent Kaya,Saadet İstanbul,298,2
1407759386141852,Ahmet Akın,Ahmet Akin,297,4
102887829165248,Bolu Gündemi,Bolu Gündem.NET,296,2
100611073033265,Mustafa KAYA,Saadet İstanbul,296,2
104430619314313,,Emre Zengin,294,1
100783189680158,Celal Ateş,Türkiye Komünist Partisi,292,1
109839222078602,Serap Bozpolat Ayan - offical,Serap Bozpolat Ayan,290,1
100607390047925,Saadet Partisi Burdur,HASAN HÜSEYİN ERTAŞ,289,2
824977567573075,S.Tarık Balyalı İBB ve Pendik Belediyesi Meclis Üyesi,Süleyman Tarık Balyalı,289,1
808808429151784,,Ediz Ün,289,2
100789013007542,Hasan Özmen MHP Diyarbakır Milletvekili Adayı,Hasan Özmen,288,1
312158148870742,Abdullah Zeki Ercan,Abdullah Zeki Ercan,287,4
173600383301847,İlhan Alpboğa,İlhan Alpboğa,285,2
100665102848993,Gün Gün Kurtuluş,İlker  Tanrıverdi,284,2
1563142747277396,Vecdi Gündoğdu,Vecdi Gundogdu,274,1
144096473392,Yeşil Gazete,Yeşil Gazete,261,2
114183581669330,yusufalisabanci,These ads ran without a disclaimer,258,1
676308195886968,Enver Kiraz,Enver Kiraz,254,1
111753808519893,Murat Kotra,Murat Kotra,254,1
690150857719925,الجمهورية.نت AlJumhuriya.net,Dokstrim Dil Hizmetleri,250,2
171941146846358,Ali Er,Ali Er,250,4
113779998350948,Tarık Hatipler,Burak Doğan,248,1
116422714744406,Hasan Çetin MP,Hasan Çetin,246,4
340208306016360,Kilithaber,Recep Özcan,244,1
181563442497046,Ahmet Dönmez,Ahmet Dönmez,243,4
1001476859872937,Atilla ZORLU,These ads ran without a disclaimer,243,1
100420255614208,Yüzde100Bülten Haber,100YüzBülten,242,4
109514177857013,Yeniden Refah Partisi Simav,Yeniden Refah Partisi Simav İlçe Başkanlığı,240,4
2037050303009041,Abdullah Karapıçak,Abdullah Karapıçak,236,5
833329183349879,Ahmet YELİS,Ahmet Yelis,235,5
498579987170393,العدسة  The Lens,thelenspost,234,5
619126554886307,Ali Hikmet Akıllı,Ali Hikmet Akilli,234,3
119819051082863,Ümit Faruk Yenici,Ümit Faruk Yenici,234,1
145750926090655,Zeki Gül,Zeki Gül,230,1
2144200562485838,Milli Yol Partisi Manisa İl Başkanlığı,Ilkay Şimşek,228,1
104795475464990,Çiğdem Er,Çiğdem Er,224,4
804406263019818,Moderatör TV,Moderatör TV,223,3
535720086896194,Dr. Ömer Selim Alan,Can Bayram,223,5
1411702415710467,Zekai Kaya,Zekai Kaya,221,2
104599212630992,huseyinsolak0706,Hüseyin Solak,221,2
102191762736431,Murat Toycan Selçuk,Murat Toycan Selçuk,219,4
129885233341922,İmren Nilay Tüfekci,Furkan Bektaş,218,4
467398480038872,Dursun ATAŞ İYİ PARTİ Kayseri Milletvekili,Dursun ATAŞ İYİ PARTİ Kayseri Milletvekili,215,3
231927487518942,Dr. Pelin Coştur Filiz,Erol Derin,211,2
128234402766154,Çorum Haber Merkezi,Çorum Haber Merkezi,211,10
105860245746871,Sponsorlu Reklamlar,Kamil Gürbüz,206,1
107504668924245,İYİ PARTİ Milas İlçe Başkanlığı,Gürsel İnce,204,5
355906905169362,M.Erkut Ekinci,Kemal Afşin Ekinci,202,2
1439683329600228,Ümit Uysal,Ümit Uysal,199,1
115265854868584,Serap Ekmekci,Serap Ekmekci,199,2
1604958276192112,Alper Taban,Alper Taban,194,2
190217144502606,Av. Sinan Tekin,Sinan Tekin,194,2
117901594611678,Tunca Tuncer,Tunca Tuncer,193,3
350156169488363,KADEM METE,KADEM METE,193,9
209175722605698,Saffet Sancaklı,These ads ran without a disclaimer,192,1
100476223039427,Turgut Koç 2023,Turgut Koç,179,1
123982957679760,Anadolu Gazetesi,Anadolu Gazetesi,179,1
111589081920420,Kadınların Gücü,Kurumsal Reklam,176,10
612582702103642,Av. İsmail Atakan Ünver,Av. İsmail Atakan Ünver,175,2
118680151187368,Doç. Dr. Turan ŞAHİN,Turan Şahin,174,3
101857189872663,AK Parti İnegöl İlçe Başkanlığı,AK Parti İnegöl İlçe Başkanlığı,173,1
121364167919302,1923tv,1923tv,170,1
106295582468765,,Sevim Gündüz Atalay,170,1
1424712337856061,Nazilli Havadis,Nazilli Havadis,170,3
284533088850685,Avukat Gözde ÇELİK,Avukat Gözde Çelik,164,1
113506495059583,Kadınların Reisi,Kurumsal Reklam,162,10
113562291720284,Cumhuriyetçi Kadın,Kurumsal Reklam,162,10
105716839182141,Köylü Kadın,Kurumsal Reklam,160,10
115689658163861,Hakan Öztürk,Özge Akman,160,3
410204756016202,Gemlik Manşet,Gemlik Manşet,159,2
188735457815836,Emekçi Hareket Partisi (EHP),Emekçi Hareket Partisi,159,4
120293891041256,Deli Kadın,Kurumsal Reklam,159,10
119960821075537,Milletin Sesi,Kurumsal Reklam,159,10
100439749704061,Cengiz ZOR - Yeniden Refah Partisi,Şevket Erer,155,5
101647572758987,Zafer Partisi Bartın İl Başkanlığı,Fatih Saka,153,1
140117882722855,TE Bilişim,TE Bilişim Yazılım İnternet Kiralama Hizmetleri,152,1
103267134407249,Ajans Aydın Gazetesi,İnan Gül,151,2
101136958182226,Kırşehir Haber Vakti,Kırşehir Haber Vakti,150,6
102608505750627,AxiYusuf,These ads ran without a disclaimer,150,2
101153892971560,Fatih Bahattin Cantürk,Fatih Bahattin Cantürk,146,1
108049655614131,Cumhurun Seçimi,Kurumsal Reklam,145,9
845535922196876,Semih Balaban,Semih Balaban,145,1
163370640412446,Bursa,Sosyal TV,144,1
102893336098580,Ercan Çiçek,Annegram,144,1
100420255614208,Yüzde100Bülten Haber,Yüzde100Bülten Haber,144,2
263295317564395,Ayhan Barut,Ayhan Barut,140,2
102340731523868,Yalova Forum,Umut Kucukbayraktar,139,1
100299875110384,samsunsehirgazetesi.com,samsunşehirgazetesi.com,138,1
119555984413348,Mustafa Enis Arabacı,Mehmet Dinler,138,1
105815121459307,Enes Faruk Nom,Enes Faruk Nom,138,1
100516989042507,Balıkesir Posta TV,Ahmet Namlı,137,1
568133920321788,Dr. Evren Dinçer,Dr. Evren Dinçer,132,2
117410877956719,NaimSöylemezoğlu,Naim Söylemezoğlu,130,2
269235353243422,CHP Kocaeli İl Başkanlığı,Batuhan Bayindir,126,1
103599182728857,Doğru Adam,Kurumsal Reklam,126,8
111026490765263,Dünyanın Sesi,Dünyanın Sesi,125,2
107342085674724,Yeniden Refah Partisi Karabük,Fatih Ahmet Karahasan,124,6
2176700602589333,Dr. Mustafa İduğ,Dr. Mustafa İduğ,123,2
182379425249063,Rafet Vergili,Karabük Belediyesi,122,4
108855465479915,Halk Haber Ajansı Yerel Gündem,Resul Mesut Büyüksarı,120,1
107276120819529,Halk Haber TV,SİRİUS REKLAM ORGANİZASYON SANAYİ VE TİCARET LİMİTED ŞİRKETİ,119,1
117702291314088,Heyecan Nazlı Veziroğlu,Heyecan N. Veziroglu,112,6
109381015468594,Halil Yıldırım BBP,Halil Yıldırım,112,3
109409342144073,Kuddusi Müftüoğlu,Kuddusi Müftüoğlu,110,2
105035178920605,Fabrika Gazete,Fabrika Gazete,109,3
108376020766134,Metin Bolat,Metin Bolat,108,3
297978927448106,,These ads ran without a disclaimer,108,1
224402788401222,Okan Koç,Okan Koc,108,1
181923698521145,Demokrat Kocaeli Gazetesi,Demokrat Kocaeli Gazetesi,105,3
101647438616294,Sertaç Alkaya,Sertaç Alkaya,105,3
107928707775311,Birlik Gazetesi,Birlik Gazetesi,105,1
176072639822302,İYİ Parti Kocaeli İl Başkanlığı,Semih Çalışkan,102,5
507375909628191,Cavit Yenipazarlı,Çağatay Yenipazarlı,102,3
1930515630390459,Rıza Akpolat,Rıza Akpolat,102,1
439268549551900,Ulaş Karasu,Ulaş Karasu,102,4
110734265223274,Av. Dr. Veli Böke,avdrveliboke,≤100,2
121480754253214,M. Ali Okul,Muhammet Ali Okul,≤100,1
117872171289328,Osman Nuri Nazlier,Adem Kalay,≤100,1
122690747467671,Sana Söz Türkiye,Kurumsal Reklam,≤100,6
2106476036299977,Dr. Metin İlhan,Dr. Metin İlhan,≤100,1
792468114181597,Gazete Yenigün,Gazete Yenigün,≤100,4
103096561816511,Ahmet GÖK-Avukat,Ahmet GÖK,≤100,4
105281861303439,Orhan Kılıç Sayfası,Orhan Kılıç,≤100,4
284719123320412,Yeniden Refah Sakarya,Yeniden Refah Sakarya,≤100,8
1613947262223229,Manisa'da Denge Gazetesi,Manisa'da Denge Gazetesi,≤100,1
105239412529211,Ramazan Uğural,Göktuğ Kerem Coşkun,≤100,1
101353555909780,HaberWepte.Com,HaberWepte.Com,≤100,4
1518235858465324,Uşak Olay,Uşak Olay,≤100,6
122031940865749,Erkan Pelitoğlu,Erkan Pelitoğlu,≤100,1
100657151766139,DEVA Partisi Sinop İl Başkanlığı,Hakan Er,≤100,2
2040128776040928,Yelda Erol Gökcan,TBMM,≤100,1
465887546792664,Halkın Kurtuluş Partisi - HKP,TAYFUR BİN,≤100,2
101315571670453,Webagron Tarımsal İçerik Platformu,Webagron Tarımsal İçerik Platformu,≤100,5
106789305232883,وكالة الشرق الأوسط الإخبارية,وكالة الشرق الأوسط الإخبارية,≤100,14
737340966376001,Metin Kala,Metin Kala,≤100,3
1609845882562987,Millet İttifakı Çorum Milletvekili Adayı Seyit Ahmet Güher,Millet İttifakı Çorum Milletvekili Adayı Seyit Ahmet Güher,≤100,1
103532162729914,Dursun Çağlayann,Dursun Çağlayan,≤100,1
1093710237307888,TV 9,Numan Zeliha Ölmez,≤100,4
1156591567874276,Halil Arda,Halil Arda,≤100,1
101192232736297,GLOOB,GLOOB,≤100,3
1493744950841097,Kınık Belediyesi,Sadik Dogruer,≤100,1
1323549900995846,Celal Fırat,Celal Fırat,≤100,2
189216141954498,HACI MURAT KOÇ Düziçi Başkan Adayı,HACI MURAT KOÇ,≤100,2
462265987454835,Yılmaz Şanlan,Yılmaz Şanlan,≤100,1
2100392293415636,Av. Ahmet ÖNAL,Ahmet Önal,≤100,1
346006742126033,Bornova Belediyesi,Bornova Belediyesi,≤100,2
442942082484899,Ege Gündem Gazetesi,Ege Gündem Gazetesi,≤100,3
227389671001460,CHP Aksaray İl Başkanlığı,Sule Cankal,≤100,1
176106529121,Tekirdağ Ülkü Ocakları,These ads ran without a disclaimer,≤100,1
1960002337591959,Kanal 362,Kanal 362,≤100,1
200480966638039,Supremacy 1914,These ads ran without a disclaimer,≤100,1
511707202180465,Kangal Aşkk'tır,Fırat Yıldız Ahmet,≤100,2
101452232253259,Kubilay Çiçek,Kubilay Çiçek,≤100,1
219031704851494,SAS (Satın Almayın Sahiplenin),Fırat Yıldız Ahmet,≤100,2
103400816031847,Halkhaberajansı,Sirius Reklam Organizasyon Sanayi ve Ticaret Ltd. Şti,≤100,1
167633913392268,Kolejliler,Fırat Yıldız Ahmet,≤100,2
103984509238399,Halk Haber,Halk Haber,≤100,1
104686032474594,Başka Gazete,Başka Gazete,≤100,1
101659162817227,Nisa Karabacak,These ads ran without a disclaimer,≤100,1
108368504172593,SES Eşitlik ve Dayanışma Derneği,SES Eşitlik ve Dayanışma Derneği,≤100,2
108552928182311,Al Sancak Partisi,Nuri Çelebi,≤100,1
2171025259612438,Tufan Akan,Tufan Akan,≤100,1
111401735197044,Mehmet Aydemir,Mehmet Aydemir,≤100,1
372064082969329,AK Parti Akhisar İlçe Teşkilatı,AK Parti Akhisar İlçe Teşkilatı,≤100,5
1579006725698746,Ali Muhittin Taşdoğan,Ali Muhittin Tasdogan,≤100,2
101373896284011,Sma Hastası Azer Bebek - Bağış Kampanyası,Irem Kaplan,≤100,1
1688458138057250,Büyükşehir Haber,Büyükşehir Haber,≤100,3
100625766126116,Cominify,Cominify,≤100,1
122163480824290,Bayram Önder Akdenizli,Bayram Önder Akdenizli,≤100,1
105814402331481,Sadık Doğruer,These ads ran without a disclaimer,≤100,1
155518138432438,Proji Dijital Pazarlama Ajansı,Proji Dijital Pazarlama Ajansı,≤100,1
151742841902180,İnegölün Sesi,İnegölün Sesi,≤100,2
1436421629982486,SEYİT ALİ ÇETİN,Seyit Ali Çetin,≤100,1
126424754165391,Yunus Kaan Kısaca,Yunus Kaan  Kisaca,≤100,1
1614212022160759,Fehmi Yağlı,Fehmi Yagli,≤100,5
183134165593297,"SES Eşitlik, Adalet, Kadın Platformu","SES Eşitlik, Adalet, Kadın Platformu",≤100,1
330466260695795,Haber Samsun,Haber Samsun,≤100,1
1776545895921237,Nedersiniz,Nedersiniz,≤100,1
127896160644676,KORAY AYDIN,KORAY AYDIN,≤100,2
100811769662033,cemil_sivas,These ads ran without a disclaimer,≤100,1
1952748275030916,Kürşad Mithat ÖZKAN,Kursad Mithat Ozkan,≤100,2
105654439175027,Kaan KOÇ,Selçuk Soner Yılmaz,≤100,2
103917185323543,داعمو المرشح للانتخابات النيابية لدائرة حي الاندلس سامي الصيد الرخصي,These ads ran without a disclaimer,≤100,1
911466802392220,Nezih Yalçın - Akdağmadeni Belediye Başkanı,Nezih Yalçın,≤100,1
855768887902596,Grup Kervan,These ads ran without a disclaimer,≤100,1
104691722197784,صحيفة الاستقلال - العربية,صحيفة الاستقلال,≤100,2
928921137187670,ALİ UÇAK,These ads ran without a disclaimer,≤100,1
902366576453802,Servet Mullaoğlu,Servet Mullaoğlu,≤100,2
102140562817277,Gündem Türkiyem,Gündem Türkiyem,≤100,1
105449905860618,Bilal Uzun,Muhammed Ölçücüoğlu,≤100,2
103285814499773,Hikmet Yalım Halıcı,Kadir Dede,≤100,1
506041856143607,Saadet İnegöl,Hasan Eroglu,≤100,2
101501995898422,İzzet Akbulut,These ads ran without a disclaimer,≤100,1
387815221726251,Jale Nur Süllü,Jale Nur Süllü,≤100,1
115771428151083,SolParti Çankırı,These ads ran without a disclaimer,≤100,1
118314351238278,Ayşegül Aydın Şengöz,Ayşegül Aydın Şengöz,≤100,2
108851202110913,Aziz Kömürcü,Aziz Kömürcü,≤100,1
772002679822271,Lütfü Yılmaz,Lütfü Yılmaz,≤100,1
101383769603529,Kenan Yırıkoğulları YRP,Kenan Yırıkoğulları,≤100,1
791541570931021,CHT Medya,CHT Medya,≤100,6
1586908438234661,İsmail Faruk AKSU,İsmail Faruk AKSU,≤100,3
113673790352749,180 تحقيقات,180 تحقيقات,≤100,1
866178810191059,Mahmut Koçak,Mahmut Koçak,≤100,1
225545067816330,AK Parti Kaman İlçe Teşkilatı,AK Parti Kaman İlçe Teşkilatı,≤100,2
125911783747945,Güncel Haber,Emre İrgören,≤100,2
121529270866615,Haber S,İlyas Ege,≤100,1
108511552240644,ErzincanNews,Burak Şahin,≤100,4
113229965003082,AK Parti/MHP/BBP Cumhur İttifakı,Erol Cihangir,≤100,1
364737534025103,Bora Yörükoğlu İYİ Parti,Bora Yörükoğlu İYİ Parti,≤100,1
1386832938211808,Doç. Dr. Necmettin Çalışkan,Beyzade Fm & Tv ile anlaşmalı,≤100,2
365305797600089,İbrahim Palaz,Ibrahim Palaz,≤100,1
466041427161963,ERSİN BEYAZ,Ersin Beyaz,≤100,4
1631511173750513,Haber Has,Hasan Benzer,≤100,1
236386023080287,Fatih Aydın,Fatih Aydın,≤100,2
429226354299015,Tek Haber Gazetesi,Basbay Hasan Murat,≤100,1
278532862838576,Sehri40Haber,Sehri40Haber,≤100,1
100581758956796,Memleket Partisi Gaziantep,Memeleket Partisi,≤100,1
1572709256359993,İnternethaber TV,HADİ ÖZIŞIK,≤100,1
1493940890859471,Birileri Var,Birileri Var,≤100,2
345970568879284,Mehmet Vejdi Kahraman,These ads ran without a disclaimer,≤100,1
742924015834670,Başak Gazetesi,Başak Gazetesi,≤100,1
107924807410702,Samet Bağcı,Samet Bağcı,≤100,1
103536752705365,Av.Gülümser Ceylan Köle,Gulsah Çıplak Dingil,≤100,3
111504998581646,Hakpar,Baran Timur,≤100,1
1410342882615385,Eskişehir Haber,Eskişehir Haber,≤100,1
610661965731902,Mersin BEYAZ Gündem,Suleyman Tas,≤100,2
413113452433564,Cengiz Gökçel,Cengiz Gökçel,≤100,2
104267921764717,Deva Partisi Trabzon İl Başkanlığı,Kubilay Çiçek,≤100,1
104673902279375,Güçlü Lider Güçlü Türkiye,Güçlü Lider Güçlü Türkiye,≤100,1
106617485469890,Türk Askeri,Türk Askeri,≤100,1
107272515319025,Son Kale Türkiye,Son Kale Türkiye,≤100,1
1141918389172185,ManisaTürk,Memis Berna,≤100,2
108948042194888,Mustafa Bolakar,Mustafa Bolakar,≤100,4
113347080225034,CHP Ünye İlçe Başkanlığı,These ads ran without a disclaimer,≤100,1
108269755289200,,Yaşasın Cumhuriyet,≤100,1
1146623488739350,Kocaeli Cumhuriyet TV,Bülent Karagöz,≤100,1
2221957451391718,Murat Keskin,Murat Keskin,≤100,1
100600216273365,Figen Yıldırım,Figen Yıldırım,≤100,1
163775021244484,Zeki UZUN,Zeki Uzun,≤100,2
298764070816267,Mehmet Tütüncü,Mehmet TÜTÜNCÜ Türkiye Temsilcisi,≤100,1
119838397716142,,These ads ran without a disclaimer,≤100,1
164102030875768,BETÜL TOSUN,BETÜL TOSUN,≤100,1
463215923715177,Mehmet Yiğiner,Bekir Koyuncu,≤100,1
834954409860187,Gamze Akkuş İlgezdi,Gamze Akkuş İlgezdi,≤100,1
104373561467884,Serhat Servet Dövenci,Serhat Servet Dövenci33,≤100,2
103546827719445,hg_haber,Hüseyin Gezgin,≤100,1
2073808486265451,Yeniden Refah Partisi Zeytinburnu İlçe Başkanlığı,Barış  ŞENOL,≤100,1
119341817793138,Göksal Beşkaya,Göksal Beşkaya,≤100,1
612342159242377,Yeniden Refah Partisi Artvin,Talip Sücü,≤100,1
117237521326914,Samet Bingal,Samet Bingal,≤100,1
1479844995563646,Keşan Belediyesi,Keşan Belediyesi,≤100,1
358423644240138,Aydın Hedef Gazetesi,Aydın Hedef Gazetesi,≤100,1
116360214748683,Gökhan İDİZ,Gökhan İdiz,≤100,1
394433060615756,Yozgat FM & Yozgat TV,Yozgat FM & Yozgat TV,≤100,1
872352116192101,Balıkesir Aktüel,Suleyman Namli,≤100,1
100451933698060,AdVenture Communist,These ads ran without a disclaimer,≤100,2
105155688302754,Yaşam Senaryosu,These ads ran without a disclaimer,≤100,1
112733815123774,Press67,Press67,≤100,1
1411242469192279,Abdurrahman Tutdere,Abdurrahman Tutdere,≤100,1
103987365259441,Büyük Birlik Partisi Bahçelievler İlçe Başkanlığı,These ads ran without a disclaimer,≤100,1
107184060866156,Limitsiz Bilgi,These ads ran without a disclaimer,≤100,1
332572283620441,Vatan Partisi Arsuz Hatay,These ads ran without a disclaimer,≤100,1
113956215024123,canatalaytip,These ads ran without a disclaimer,≤100,1
565633066903366,Ersan Gökgöz Siyasetçi Şahlanış Partisi Genel Başkan Vekili,Ersan Gokgoz,≤100,1
306491676172909,Gerçek Gazetesi,Gerçek Gazetesi,≤100,2
110471555281943,Poddy Türkiye,These ads ran without a disclaimer,≤100,1
172348652806226,DEKRA,These ads ran without a disclaimer,≤100,1
195884477489973,Stop Hunger,These ads ran without a disclaimer,≤100,1
100374392742057,Weregreenly- Magazine,These ads ran without a disclaimer,≤100,3
109926928389181,Gabriel Nunes,These ads ran without a disclaimer,≤100,1
965172496856103,Vatandaş Gazetesi,Vatandaş Gazetesi,≤100,4
110818941452003,Morehackz Stories,These ads ran without a disclaimer,≤100,1
168508139975104,CRI Türkçe,These ads ran without a disclaimer,≤100,1
191235511694146,TheFutureEconomy.ca,These ads ran without a disclaimer,≤100,1
142329112477770,البنك الدولي,These ads ran without a disclaimer,≤100,1
188872144758,CCTV,These ads ran without a disclaimer,≤100,1